{"applications": [
    {
        "softwares": "N/A",
        "informationAspect": "N/A",
        "remarks": "N/A",
        "applicationType": "N/A",
        "type": "N/A",
        "businessOwners": "Stefano Ceriali",
        "id": "0",
        "keyArchDecisions": "N/A",
        "keyBPSupported": "N/A",
        "description": "N/A",
        "servers": "N/A",
        "name": "Manufacturing Intelligence System",
        "interfaces": "N/A",
        "platformSupported": "N/A",
        "technologyStack": "Microsoft Analytics - SSIS, SSAS, SSRS, SQL Server 2012, Microsoft Sharepoint 2010",
        "availability": "System \u2013 24*7\nSupport \u2013 8*5",
        "technicalContacts": "Tunc Dorum \nJaroslaw Krupnik",
        "status": "N/A",
        "portfolio": "1",
        "aodDiagrams": "N/A",
        "skill": "N/A",
        "integration with backend systems": "N/A",
        "contactType": "N/A",
        "shortName": "MINT",
        "keyNFRs": "N/A"
    },
    {
        "softwares": "N/A",
        "informationAspect": "N/A",
        "remarks": "N/A",
        "applicationType": "N/A",
        "type": "N/A",
        "businessOwners": "Papenko, Andrei",
        "id": "1",
        "keyArchDecisions": "N/A",
        "keyBPSupported": "N/A",
        "description": "N/A",
        "servers": "N/A",
        "name": "Product Development Information Management System",
        "interfaces": "N/A",
        "platformSupported": "N/A",
        "technologyStack": "Oracle Agile PLM\nJava / J2EE\nJSF",
        "availability": "24*7",
        "technicalContacts": "Vijayabhaskar Kotipalli/Sateesh Kumar",
        "status": "N/A",
        "portfolio": "2",
        "aodDiagrams": "N/A",
        "skill": "N/A",
        "integration with backend systems": "N/A",
        "contactType": "N/A",
        "shortName": "PDIMS",
        "keyNFRs": "N/A"
    },
    {
        "softwares": "N/A",
        "informationAspect": "N/A",
        "remarks": "N/A",
        "applicationType": "Custom",
        "type": "N/A",
        "businessOwners": "Romeo Salvatori",
        "id": "2",
        "keyArchDecisions": "N/A",
        "keyBPSupported": "N/A",
        "description": "N/A",
        "servers": "for each affilate",
        "name": "Logistics Execution Sytem/Manufacturing Execution System",
        "interfaces": "SAP P1, ROSE, MINT",
        "platformSupported": "Windows",
        "technologyStack": "FlexNet, Microsoft",
        "availability": "24x7",
        "technicalContacts": "Dorota Niec",
        "status": "Ongoing",
        "portfolio": "1",
        "aodDiagrams": "N/A",
        "skill": "FlexNet, SQL Server, javascript, .Net",
        "integration with backend systems": "N/A",
        "contactType": "N/A",
        "shortName": "LES/MES",
        "keyNFRs": "Performance"
    },
    {
        "softwares": "N/A",
        "informationAspect": "N/A",
        "remarks": "N/A",
        "applicationType": "Custom",
        "type": "N/A",
        "businessOwners": "Romeo Salvatori",
        "id": "3",
        "keyArchDecisions": "N/A",
        "keyBPSupported": "N/A",
        "description": "N/A",
        "servers": "for each affilate",
        "name": "Integrated Manufacturing Execution Layer",
        "interfaces": "SAP P1,  MINT, PCS",
        "platformSupported": "Windows",
        "technologyStack": "FlexNet, Microsoft",
        "availability": "24x7",
        "technicalContacts": "Dorota Niec",
        "status": "Ongoing",
        "portfolio": "1",
        "aodDiagrams": "N/A",
        "skill": "FlexNet, SQL Server, javascript, .Net",
        "integration with backend systems": "N/A",
        "contactType": "N/A",
        "shortName": "iMEL",
        "keyNFRs": "Performance"
    },
    {
        "softwares": "Portal - .Net framework (MS Windows 2012 R2) SQL server 2012 R2\nEMM \u2013 Marketing Operations 9.x, Campaign 9.x, IMC & SQL server 2012 R2\nData Mart \u2013 SQL Server 2012 R2 & SSIS for Integration Services\nDevelopment -  MS Visual Studio, MS Application Life Cycle Manager, MS Team Room Server, Cognos, Tableau",
        "informationAspect": "It contains customer PI/BSI information.",
        "remarks": "N/A",
        "applicationType": "Web applicatio,, SOAP/REST API, ETL data loading, ",
        "type": "N/A",
        "businessOwners": "Vaitis, Catalin Florin",
        "id": "4",
        "keyArchDecisions": "Recently migrated into AWS env. Fully enabled into cloud env.",
        "keyBPSupported": "N/A",
        "description": "SPICE is an Enterprise Marketing Management Solution with a focus on 1-to-1 Consumer Marketing and Engagement\n",
        "servers": "Windows 2012 R2",
        "name": "SPICE",
        "interfaces": "SMDL, IMDL, Move IT, Webservice API",
        "platformSupported": "Windows",
        "technologyStack": "Portal - .Net framework (MS Windows 2012 R2) SQL server 2012 R2\nEMM \u2013 Marketing Operations 9.x, Campaign 9.x, IMC & SQL server 2012 R2\nData Mart \u2013 SQL Server 2012 R2 & SSIS for Integration Services\nDevelopment -  MS Visual Studio, MS Application Life Cycle Manager, MS Team Room Server, Cognos, Tableau",
        "availability": "24*7",
        "technicalContacts": "Santoso, Christian Cahyadi  ",
        "status": "N/A",
        "portfolio": "3",
        "aodDiagrams": "N/A",
        "skill": "N/A",
        "integration with backend systems": "Backend is MS SQL 2012 R2, connected with different Pmi legacy system with ETL.",
        "contactType": "N/A",
        "shortName": "SPICE",
        "keyNFRs": "All Web service performance less than and equal 3 sec"
    },
    {
        "softwares": "N/A",
        "informationAspect": "N/A",
        "remarks": "N/A",
        "applicationType": "N/A",
        "type": "N/A",
        "businessOwners": "Bonnet, Cyrille",
        "id": "5",
        "keyArchDecisions": "N/A",
        "keyBPSupported": "N/A",
        "description": "N/A",
        "servers": "N/A",
        "name": "Sigma Technical Material Application",
        "interfaces": "N/A",
        "platformSupported": "N/A",
        "technologyStack": "Microsoft",
        "availability": "9*5",
        "technicalContacts": "Andrievsky, Roman",
        "status": "N/A",
        "portfolio": "1",
        "aodDiagrams": "N/A",
        "skill": "N/A",
        "integration with backend systems": "N/A",
        "contactType": "N/A",
        "shortName": "TMA",
        "keyNFRs": "N/A"
    },
    {
        "softwares": "N/A",
        "informationAspect": "N/A",
        "remarks": "N/A",
        "applicationType": "N/A",
        "type": "N/A",
        "businessOwners": "Fawaz, Ziad",
        "id": "6",
        "keyArchDecisions": "N/A",
        "keyBPSupported": "N/A",
        "description": "N/A",
        "servers": "N/A",
        "name": "Capacity Management & Reporting Tool",
        "interfaces": "N/A",
        "platformSupported": "N/A",
        "technologyStack": "Microsoft",
        "availability": "9*5",
        "technicalContacts": "Ridwan, Dadan",
        "status": "N/A",
        "portfolio": "1",
        "aodDiagrams": "N/A",
        "skill": "N/A",
        "integration with backend systems": "N/A",
        "contactType": "N/A",
        "shortName": "CMART",
        "keyNFRs": "N/A"
    },
    {
        "softwares": "N/A",
        "informationAspect": "N/A",
        "remarks": "N/A",
        "applicationType": "N/A",
        "type": "N/A",
        "businessOwners": "Corte-Real, Beth",
        "id": "7",
        "keyArchDecisions": "N/A",
        "keyBPSupported": "N/A",
        "description": "N/A",
        "servers": "N/A",
        "name": "External Consumer Panel",
        "interfaces": "N/A",
        "platformSupported": "N/A",
        "technologyStack": "Microsoft",
        "availability": "9*5",
        "technicalContacts": "Linda, Linda",
        "status": "N/A",
        "portfolio": "1",
        "aodDiagrams": "N/A",
        "skill": "N/A",
        "integration with backend systems": "N/A",
        "contactType": "N/A",
        "shortName": "ECP",
        "keyNFRs": "N/A"
    },
    {
        "softwares": "N/A",
        "informationAspect": "N/A",
        "remarks": "N/A",
        "applicationType": "N/A",
        "type": "N/A",
        "businessOwners": "Aramendy, Flavie",
        "id": "8",
        "keyArchDecisions": "N/A",
        "keyBPSupported": "N/A",
        "description": "N/A",
        "servers": "N/A",
        "name": "Flavor Management System",
        "interfaces": "N/A",
        "platformSupported": "N/A",
        "technologyStack": "Microsoft",
        "availability": "9*5",
        "technicalContacts": "Linda, Linda",
        "status": "N/A",
        "portfolio": "1",
        "aodDiagrams": "N/A",
        "skill": "N/A",
        "integration with backend systems": "N/A",
        "contactType": "N/A",
        "shortName": "FMS",
        "keyNFRs": "N/A"
    },
    {
        "softwares": "N/A",
        "informationAspect": "N/A",
        "remarks": "N/A",
        "applicationType": "N/A",
        "type": "N/A",
        "businessOwners": "Patrick Deconfin / Christine Van Vauuren",
        "id": "9",
        "keyArchDecisions": "N/A",
        "keyBPSupported": "N/A",
        "description": "N/A",
        "servers": "N/A",
        "name": "Product LifeCycle Management",
        "interfaces": "N/A",
        "platformSupported": "N/A",
        "technologyStack": "Oracle Agile PLM\nJava / J2EE\nJSF / IceFaces\nBirt\nApache Solr",
        "availability": "24*7",
        "technicalContacts": "Agung So Sidharta",
        "status": "N/A",
        "portfolio": "4",
        "aodDiagrams": "N/A",
        "skill": "N/A",
        "integration with backend systems": "N/A",
        "contactType": "N/A",
        "shortName": "PLM",
        "keyNFRs": "N/A"
    },
    {
        "softwares": "N/A",
        "informationAspect": "N/A",
        "remarks": "N/A",
        "applicationType": "N/A",
        "type": "N/A",
        "businessOwners": "Christophe Riat",
        "id": "10",
        "keyArchDecisions": "N/A",
        "keyBPSupported": "N/A",
        "description": "N/A",
        "servers": "N/A",
        "name": "Genesis Applications (AQA, PQA, MQA, CSR)",
        "interfaces": "iQAR, SMDL, SCP, CSR",
        "platformSupported": "Windows",
        "technologyStack": "SmallTalk, LIMS Basic, SQL Server",
        "availability": "24X7",
        "technicalContacts": "Linda, Linda",
        "status": "ongoing",
        "portfolio": "5",
        "aodDiagrams": "N/A",
        "skill": "VB Script, SQL Server, .Net",
        "integration with backend systems": "N/A",
        "contactType": "N/A",
        "shortName": "Genesis",
        "keyNFRs": "N/A"
    },
    {
        "softwares": "N/A",
        "informationAspect": "N/A",
        "remarks": "N/A",
        "applicationType": "N/A",
        "type": "N/A",
        "businessOwners": "Carol Canazi",
        "id": "11",
        "keyArchDecisions": "N/A",
        "keyBPSupported": "N/A",
        "description": "N/A",
        "servers": "N/A",
        "name": "Production Information Reporting Continuity",
        "interfaces": "N/A",
        "platformSupported": "N/A",
        "technologyStack": "Microsoft Analytics - SSIS, SSRS, SQL Server 2012",
        "availability": "24*7",
        "technicalContacts": "Subhradip Dey",
        "status": "N/A",
        "portfolio": "5",
        "aodDiagrams": "N/A",
        "skill": "N/A",
        "integration with backend systems": "N/A",
        "contactType": "N/A",
        "shortName": "PIRC",
        "keyNFRs": "N/A"
    },
    {
        "softwares": "N/A",
        "informationAspect": "N/A",
        "remarks": "N/A",
        "applicationType": "N/A",
        "type": "N/A",
        "businessOwners": "Cyril Jeannet",
        "id": "12",
        "keyArchDecisions": "N/A",
        "keyBPSupported": "N/A",
        "description": "N/A",
        "servers": "N/A",
        "name": "Scientific Data Management System",
        "interfaces": "N/A",
        "platformSupported": "N/A",
        "technologyStack": "Agile Openlab ECM ",
        "availability": "24*7",
        "technicalContacts": "Pierre Guillod",
        "status": "N/A",
        "portfolio": "2",
        "aodDiagrams": "N/A",
        "skill": "N/A",
        "integration with backend systems": "N/A",
        "contactType": "N/A",
        "shortName": "SDMS",
        "keyNFRs": "N/A"
    },
    {
        "softwares": "N/A",
        "informationAspect": "N/A",
        "remarks": "N/A",
        "applicationType": "N/A",
        "type": "N/A",
        "businessOwners": "Sam Ansari",
        "id": "13",
        "keyArchDecisions": "N/A",
        "keyBPSupported": "N/A",
        "description": "N/A",
        "servers": "N/A",
        "name": "Bio Banking",
        "interfaces": "N/A",
        "platformSupported": "N/A",
        "technologyStack": "LabVantage 6.0.1",
        "availability": "24*7",
        "technicalContacts": "Vinyl Vulli",
        "status": "N/A",
        "portfolio": "2",
        "aodDiagrams": "N/A",
        "skill": "N/A",
        "integration with backend systems": "N/A",
        "contactType": "N/A",
        "shortName": "BB",
        "keyNFRs": "N/A"
    },
    {
        "softwares": "N/A",
        "informationAspect": "N/A",
        "remarks": "N/A",
        "applicationType": "N/A",
        "type": "N/A",
        "businessOwners": "Luc Graber",
        "id": "14",
        "keyArchDecisions": "N/A",
        "keyBPSupported": "N/A",
        "description": "N/A",
        "servers": "N/A",
        "name": "Scientific Instrument Management System",
        "interfaces": "N/A",
        "platformSupported": "N/A",
        "technologyStack": "LabVantage 6.0.1",
        "availability": "24*7",
        "technicalContacts": "Vinyl Vulli",
        "status": "N/A",
        "portfolio": "2",
        "aodDiagrams": "N/A",
        "skill": "N/A",
        "integration with backend systems": "N/A",
        "contactType": "N/A",
        "shortName": "SIMS",
        "keyNFRs": "N/A"
    },
    {
        "softwares": "N/A",
        "informationAspect": "N/A",
        "remarks": "N/A",
        "applicationType": "N/A",
        "type": "N/A",
        "businessOwners": "Wim Becker",
        "id": "15",
        "keyArchDecisions": "N/A",
        "keyBPSupported": "N/A",
        "description": "N/A",
        "servers": "N/A",
        "name": "Integrated Quality Analysis & Reporting ",
        "interfaces": "N/A",
        "platformSupported": "N/A",
        "technologyStack": "Microsoft Analytics - SSIS, SSAS, SSRS, SQL Server 2012, Microsoft Sharepoint 2013",
        "availability": "24*7",
        "technicalContacts": "Jean-Marc Hirschy",
        "status": "N/A",
        "portfolio": "1",
        "aodDiagrams": "N/A",
        "skill": "N/A",
        "integration with backend systems": "N/A",
        "contactType": "N/A",
        "shortName": "iQAR",
        "keyNFRs": "N/A"
    },
    {
        "softwares": "N/A",
        "informationAspect": "N/A",
        "remarks": "N/A",
        "applicationType": "Custom",
        "type": "N/A",
        "businessOwners": "Christophe Riat",
        "id": "16",
        "keyArchDecisions": "N/A",
        "keyBPSupported": "N/A",
        "description": "N/A",
        "servers": "for each affilate",
        "name": "Global Operation LIMS Deployment",
        "interfaces": "SMDL, IMDL, iQAR, PLM",
        "platformSupported": "Windows",
        "technologyStack": "LABVANTAGE",
        "availability": "24x7",
        "technicalContacts": "Ricardo Zanger",
        "status": "Ongoing",
        "portfolio": "5",
        "aodDiagrams": "N/A",
        "skill": "LABVANTAGE, Oracle, SQL Server, JAVA",
        "integration with backend systems": "N/A",
        "contactType": "FMS",
        "shortName": "GOLD",
        "keyNFRs": "N/A"
    },
    {
        "softwares": "N/A",
        "informationAspect": "N/A",
        "remarks": "N/A",
        "applicationType": "N/A",
        "type": "N/A",
        "businessOwners": "Michel Jeckelmann",
        "id": "17",
        "keyArchDecisions": "N/A",
        "keyBPSupported": "N/A",
        "description": "N/A",
        "servers": "N/A",
        "name": "Worldwide Leaf System",
        "interfaces": "N/A",
        "platformSupported": "N/A",
        "technologyStack": "C#.Net/SQL Server/WCF/ASP.Net",
        "availability": "24*7",
        "technicalContacts": "Marek Seredynski",
        "status": "N/A",
        "portfolio": "6",
        "aodDiagrams": "N/A",
        "skill": "N/A",
        "integration with backend systems": "N/A",
        "contactType": "N/A",
        "shortName": "WLS",
        "keyNFRs": "N/A"
    },
    {
        "softwares": "N/A",
        "informationAspect": "N/A",
        "remarks": "N/A",
        "applicationType": "N/A",
        "type": "N/A",
        "businessOwners": "Anoop Matt",
        "id": "18",
        "keyArchDecisions": "N/A",
        "keyBPSupported": "N/A",
        "description": "N/A",
        "servers": "N/A",
        "name": "International Sales and Merchandising System",
        "interfaces": "N/A",
        "platformSupported": "N/A",
        "technologyStack": "Microsoft,iOS",
        "availability": "9*5",
        "technicalContacts": "Kondratowicz, Piotr",
        "status": "N/A",
        "portfolio": "3",
        "aodDiagrams": "N/A",
        "skill": "N/A",
        "integration with backend systems": "N/A",
        "contactType": "N/A",
        "shortName": "iSMS",
        "keyNFRs": "N/A"
    },
    {
        "softwares": "Apriso Flexnet 9.6, SQL Server 2012 R2",
        "informationAspect": "N/A",
        "remarks": "N/A",
        "applicationType": "Custom",
        "type": "N/A",
        "businessOwners": "Denis Nicolas",
        "id": "19",
        "keyArchDecisions": "N/A",
        "keyBPSupported": "N/A",
        "description": "N/A",
        "servers": "for each affilate",
        "name": "Green Leaf Systems",
        "interfaces": "SAP P1, SAP BW, PLC",
        "platformSupported": "Windows",
        "technologyStack": "FlexNet, Microsoft",
        "availability": "9x5",
        "technicalContacts": "Juan Pablo Olivieri",
        "status": "Ongoing",
        "portfolio": "1",
        "aodDiagrams": "N/A",
        "skill": "FlexNet, SQL Server, javascript, .Net",
        "integration with backend systems": "N/A",
        "contactType": "FMS",
        "shortName": "GLS",
        "keyNFRs": "Performance"
    },
    {
        "softwares": "N/A",
        "informationAspect": "N/A",
        "remarks": "N/A",
        "applicationType": "N/A",
        "type": "N/A",
        "businessOwners": "Sebastien Richard",
        "id": "20",
        "keyArchDecisions": "N/A",
        "keyBPSupported": "N/A",
        "description": "N/A",
        "servers": "N/A",
        "name": "PLM Analytics Application",
        "interfaces": "N/A",
        "platformSupported": "N/A",
        "technologyStack": "Oracle DB, ODI, OBIEE",
        "availability": "24X7",
        "technicalContacts": "Sidharta So Agung",
        "status": "N/A",
        "portfolio": "7",
        "aodDiagrams": "N/A",
        "skill": "N/A",
        "integration with backend systems": "N/A",
        "contactType": "N/A",
        "shortName": "PLMA",
        "keyNFRs": "N/A"
    },
    {
        "softwares": "N/A",
        "informationAspect": "N/A",
        "remarks": "N/A",
        "applicationType": "N/A",
        "type": "N/A",
        "businessOwners": "N/A",
        "id": "21",
        "keyArchDecisions": "N/A",
        "keyBPSupported": "N/A",
        "description": "N/A",
        "servers": "N/A",
        "name": "Short Term Planning System",
        "interfaces": "N/A",
        "platformSupported": "N/A",
        "technologyStack": "N/A",
        "availability": "N/A",
        "technicalContacts": "N/A",
        "status": "N/A",
        "portfolio": "1",
        "aodDiagrams": "N/A",
        "skill": "N/A",
        "integration with backend systems": "N/A",
        "contactType": "N/A",
        "shortName": "ROSE",
        "keyNFRs": "N/A"
    },
    {
        "softwares": "N/A",
        "informationAspect": "N/A",
        "remarks": "N/A",
        "applicationType": "N/A",
        "type": "N/A",
        "businessOwners": "N/A",
        "id": "22",
        "keyArchDecisions": "N/A",
        "keyBPSupported": "N/A",
        "description": "N/A",
        "servers": "N/A",
        "name": "Central Visual Quality Audit",
        "interfaces": "N/A",
        "platformSupported": "N/A",
        "technologyStack": "N/A",
        "availability": "N/A",
        "technicalContacts": "N/A",
        "status": "N/A",
        "portfolio": "5",
        "aodDiagrams": "N/A",
        "skill": "N/A",
        "integration with backend systems": "N/A",
        "contactType": "N/A",
        "shortName": "CVQA",
        "keyNFRs": "N/A"
    },
    {
        "softwares": "N/A",
        "informationAspect": "N/A",
        "remarks": "N/A",
        "applicationType": "N/A",
        "type": "N/A",
        "businessOwners": "N/A",
        "id": "23",
        "keyArchDecisions": "N/A",
        "keyBPSupported": "N/A",
        "description": "N/A",
        "servers": "N/A",
        "name": "Local System \u2013 SLFR, ALFA etc.",
        "interfaces": "N/A",
        "platformSupported": "N/A",
        "technologyStack": "N/A",
        "availability": "N/A",
        "technicalContacts": "N/A",
        "status": "N/A",
        "portfolio": "8",
        "aodDiagrams": "N/A",
        "skill": "N/A",
        "integration with backend systems": "N/A",
        "contactType": "N/A",
        "shortName": "SLFR, ALFA (Local)",
        "keyNFRs": "N/A"
    },
    {
        "softwares": "N/A",
        "informationAspect": "N/A",
        "remarks": "N/A",
        "applicationType": "N/A",
        "type": "N/A",
        "businessOwners": "N/A",
        "id": "24",
        "keyArchDecisions": "N/A",
        "keyBPSupported": "N/A",
        "description": "N/A",
        "servers": "N/A",
        "name": "Process Control System",
        "interfaces": "N/A",
        "platformSupported": "N/A",
        "technologyStack": "N/A",
        "availability": "N/A",
        "technicalContacts": "N/A",
        "status": "N/A",
        "portfolio": "1",
        "aodDiagrams": "N/A",
        "skill": "N/A",
        "integration with backend systems": "N/A",
        "contactType": "N/A",
        "shortName": "PCS",
        "keyNFRs": "N/A"
    },
    {
        "softwares": "N/A",
        "informationAspect": "N/A",
        "remarks": "N/A",
        "applicationType": "N/A",
        "type": "N/A",
        "businessOwners": "N/A",
        "id": "25",
        "keyArchDecisions": "N/A",
        "keyBPSupported": "N/A",
        "description": "N/A",
        "servers": "N/A",
        "name": "Product Consistency Check",
        "interfaces": "N/A",
        "platformSupported": "N/A",
        "technologyStack": "N/A",
        "availability": "N/A",
        "technicalContacts": "N/A",
        "status": "N/A",
        "portfolio": "5",
        "aodDiagrams": "N/A",
        "skill": "N/A",
        "integration with backend systems": "N/A",
        "contactType": "N/A",
        "shortName": "PCC",
        "keyNFRs": "N/A"
    },
    {
        "softwares": "N/A",
        "informationAspect": "N/A",
        "remarks": "N/A",
        "applicationType": "N/A",
        "type": "N/A",
        "businessOwners": "N/A",
        "id": "26",
        "keyArchDecisions": "N/A",
        "keyBPSupported": "N/A",
        "description": "N/A",
        "servers": "N/A",
        "name": "Bridge PC",
        "interfaces": "N/A",
        "platformSupported": "N/A",
        "technologyStack": "N/A",
        "availability": "N/A",
        "technicalContacts": "N/A",
        "status": "N/A",
        "portfolio": "5",
        "aodDiagrams": "N/A",
        "skill": "N/A",
        "integration with backend systems": "N/A",
        "contactType": "N/A",
        "shortName": "BridgePC",
        "keyNFRs": "N/A"
    },
    {
        "softwares": "N/A",
        "informationAspect": "N/A",
        "remarks": "N/A",
        "applicationType": "N/A",
        "type": "N/A",
        "businessOwners": "N/A",
        "id": "27",
        "keyArchDecisions": "N/A",
        "keyBPSupported": "N/A",
        "description": "N/A",
        "servers": "N/A",
        "name": "AMCS",
        "interfaces": "N/A",
        "platformSupported": "N/A",
        "technologyStack": "N/A",
        "availability": "N/A",
        "technicalContacts": "N/A",
        "status": "N/A",
        "portfolio": "5",
        "aodDiagrams": "N/A",
        "skill": "N/A",
        "integration with backend systems": "N/A",
        "contactType": "N/A",
        "shortName": "AMCS",
        "keyNFRs": "N/A"
    },
    {
        "softwares": "N/A",
        "informationAspect": "N/A",
        "remarks": "N/A",
        "applicationType": "N/A",
        "type": "N/A",
        "businessOwners": "N/A",
        "id": "28",
        "keyArchDecisions": "N/A",
        "keyBPSupported": "N/A",
        "description": "N/A",
        "servers": "N/A",
        "name": "iTrack",
        "interfaces": "N/A",
        "platformSupported": "N/A",
        "technologyStack": "N/A",
        "availability": "N/A",
        "technicalContacts": "N/A",
        "status": "N/A",
        "portfolio": "6",
        "aodDiagrams": "N/A",
        "skill": "N/A",
        "integration with backend systems": "N/A",
        "contactType": "N/A",
        "shortName": "iTrack",
        "keyNFRs": "N/A"
    },
    {
        "softwares": "N/A",
        "informationAspect": "N/A",
        "remarks": "N/A",
        "applicationType": "N/A",
        "type": "N/A",
        "businessOwners": "N/A",
        "id": "29",
        "keyArchDecisions": "N/A",
        "keyBPSupported": "N/A",
        "description": "N/A",
        "servers": "N/A",
        "name": "Short Term Planning System",
        "interfaces": "N/A",
        "platformSupported": "N/A",
        "technologyStack": "N/A",
        "availability": "N/A",
        "technicalContacts": "N/A",
        "status": "N/A",
        "portfolio": "1",
        "aodDiagrams": "N/A",
        "skill": "N/A",
        "integration with backend systems": "N/A",
        "contactType": "N/A",
        "shortName": "STP",
        "keyNFRs": "N/A"
    },
    {
        "softwares": "N/A",
        "informationAspect": "N/A",
        "remarks": "N/A",
        "applicationType": "N/A",
        "type": "N/A",
        "businessOwners": "N/A",
        "id": "30",
        "keyArchDecisions": "N/A",
        "keyBPSupported": "N/A",
        "description": "N/A",
        "servers": "N/A",
        "name": "Swap Station System",
        "interfaces": "N/A",
        "platformSupported": "N/A",
        "technologyStack": "N/A",
        "availability": "N/A",
        "technicalContacts": "N/A",
        "status": "N/A",
        "portfolio": "1",
        "aodDiagrams": "N/A",
        "skill": "N/A",
        "integration with backend systems": "N/A",
        "contactType": "N/A",
        "shortName": "Swap Station System",
        "keyNFRs": "N/A"
    },
    {
        "softwares": "N/A",
        "informationAspect": "N/A",
        "remarks": "N/A",
        "applicationType": "N/A",
        "type": "N/A",
        "businessOwners": "N/A",
        "id": "31",
        "keyArchDecisions": "N/A",
        "keyBPSupported": "N/A",
        "description": "N/A",
        "servers": "N/A",
        "name": "Finished Goods Handling System",
        "interfaces": "N/A",
        "platformSupported": "N/A",
        "technologyStack": "N/A",
        "availability": "N/A",
        "technicalContacts": "N/A",
        "status": "N/A",
        "portfolio": "1",
        "aodDiagrams": "N/A",
        "skill": "N/A",
        "integration with backend systems": "N/A",
        "contactType": "N/A",
        "shortName": "FGHS",
        "keyNFRs": "N/A"
    },
    {
        "softwares": "N/A",
        "informationAspect": "N/A",
        "remarks": "N/A",
        "applicationType": "N/A",
        "type": "N/A",
        "businessOwners": "N/A",
        "id": "32",
        "keyArchDecisions": "N/A",
        "keyBPSupported": "N/A",
        "description": "N/A",
        "servers": "N/A",
        "name": "Primary Support System",
        "interfaces": "N/A",
        "platformSupported": "N/A",
        "technologyStack": "N/A",
        "availability": "N/A",
        "technicalContacts": "N/A",
        "status": "N/A",
        "portfolio": "1",
        "aodDiagrams": "N/A",
        "skill": "N/A",
        "integration with backend systems": "N/A",
        "contactType": "N/A",
        "shortName": "PSS",
        "keyNFRs": "N/A"
    },
    {
        "softwares": "N/A",
        "informationAspect": "N/A",
        "remarks": "N/A",
        "applicationType": "N/A",
        "type": "N/A",
        "businessOwners": "N/A",
        "id": "33",
        "keyArchDecisions": "N/A",
        "keyBPSupported": "N/A",
        "description": "N/A",
        "servers": "N/A",
        "name": "High Bay",
        "interfaces": "N/A",
        "platformSupported": "N/A",
        "technologyStack": "N/A",
        "availability": "N/A",
        "technicalContacts": "N/A",
        "status": "N/A",
        "portfolio": "9",
        "aodDiagrams": "N/A",
        "skill": "N/A",
        "integration with backend systems": "N/A",
        "contactType": "N/A",
        "shortName": "High Bay",
        "keyNFRs": "N/A"
    },
    {
        "softwares": "N/A",
        "informationAspect": "N/A",
        "remarks": "N/A",
        "applicationType": "N/A",
        "type": "N/A",
        "businessOwners": "N/A",
        "id": "34",
        "keyArchDecisions": "N/A",
        "keyBPSupported": "N/A",
        "description": "N/A",
        "servers": "N/A",
        "name": "Active Directory Federated System",
        "interfaces": "N/A",
        "platformSupported": "N/A",
        "technologyStack": "N/A",
        "availability": "N/A",
        "technicalContacts": "N/A",
        "status": "N/A",
        "portfolio": "10",
        "aodDiagrams": "N/A",
        "skill": "N/A",
        "integration with backend systems": "N/A",
        "contactType": "N/A",
        "shortName": "ADFS",
        "keyNFRs": "N/A"
    },
    {
        "softwares": "N/A",
        "informationAspect": "N/A",
        "remarks": "N/A",
        "applicationType": "N/A",
        "type": "N/A",
        "businessOwners": "N/A",
        "id": "35",
        "keyArchDecisions": "N/A",
        "keyBPSupported": "N/A",
        "description": "N/A",
        "servers": "N/A",
        "name": "External 3rd Party Apps",
        "interfaces": "N/A",
        "platformSupported": "N/A",
        "technologyStack": "N/A",
        "availability": "N/A",
        "technicalContacts": "N/A",
        "status": "N/A",
        "portfolio": "3",
        "aodDiagrams": "N/A",
        "skill": "N/A",
        "integration with backend systems": "N/A",
        "contactType": "N/A",
        "shortName": "External 3rd Party Apps",
        "keyNFRs": "N/A"
    },
    {
        "softwares": "N/A",
        "informationAspect": "N/A",
        "remarks": "N/A",
        "applicationType": "N/A",
        "type": "N/A",
        "businessOwners": "N/A",
        "id": "36",
        "keyArchDecisions": "N/A",
        "keyBPSupported": "N/A",
        "description": "N/A",
        "servers": "N/A",
        "name": "FPC-LIMS",
        "interfaces": "N/A",
        "platformSupported": "N/A",
        "technologyStack": "N/A",
        "availability": "N/A",
        "technicalContacts": "N/A",
        "status": "N/A",
        "portfolio": "2",
        "aodDiagrams": "N/A",
        "skill": "N/A",
        "integration with backend systems": "N/A",
        "contactType": "N/A",
        "shortName": "FPC-LIMS",
        "keyNFRs": "N/A"
    },
    {
        "softwares": "N/A",
        "informationAspect": "N/A",
        "remarks": "N/A",
        "applicationType": "N/A",
        "type": "N/A",
        "businessOwners": "N/A",
        "id": "37",
        "keyArchDecisions": "N/A",
        "keyBPSupported": "N/A",
        "description": "N/A",
        "servers": "N/A",
        "name": "GCRS",
        "interfaces": "N/A",
        "platformSupported": "N/A",
        "technologyStack": "N/A",
        "availability": "N/A",
        "technicalContacts": "N/A",
        "status": "N/A",
        "portfolio": "5",
        "aodDiagrams": "N/A",
        "skill": "N/A",
        "integration with backend systems": "N/A",
        "contactType": "N/A",
        "shortName": "GCRS",
        "keyNFRs": "N/A"
    },
    {
        "softwares": "N/A",
        "informationAspect": "N/A",
        "remarks": "N/A",
        "applicationType": "N/A",
        "type": "N/A",
        "businessOwners": "N/A",
        "id": "38",
        "keyArchDecisions": "N/A",
        "keyBPSupported": "N/A",
        "description": "N/A",
        "servers": "N/A",
        "name": "Supplier Collaboration Portal",
        "interfaces": "N/A",
        "platformSupported": "N/A",
        "technologyStack": "N/A",
        "availability": "N/A",
        "technicalContacts": "N/A",
        "status": "N/A",
        "portfolio": "6",
        "aodDiagrams": "N/A",
        "skill": "N/A",
        "integration with backend systems": "N/A",
        "contactType": "N/A",
        "shortName": "SCP",
        "keyNFRs": "N/A"
    },
    {
        "softwares": "N/A",
        "informationAspect": "N/A",
        "remarks": "N/A",
        "applicationType": "N/A",
        "type": "N/A",
        "businessOwners": "N/A",
        "id": "39",
        "keyArchDecisions": "N/A",
        "keyBPSupported": "N/A",
        "description": "N/A",
        "servers": "N/A",
        "name": "Sensory Evaluation Panel",
        "interfaces": "N/A",
        "platformSupported": "N/A",
        "technologyStack": "N/A",
        "availability": "N/A",
        "technicalContacts": "N/A",
        "status": "N/A",
        "portfolio": "1",
        "aodDiagrams": "N/A",
        "skill": "N/A",
        "integration with backend systems": "N/A",
        "contactType": "N/A",
        "shortName": "SEP",
        "keyNFRs": "N/A"
    },
    {
        "softwares": "N/A",
        "informationAspect": "N/A",
        "remarks": "N/A",
        "applicationType": "N/A",
        "type": "N/A",
        "businessOwners": "N/A",
        "id": "40",
        "keyArchDecisions": "N/A",
        "keyBPSupported": "N/A",
        "description": "N/A",
        "servers": "N/A",
        "name": "Central Sample Registration",
        "interfaces": "N/A",
        "platformSupported": "N/A",
        "technologyStack": "N/A",
        "availability": "N/A",
        "technicalContacts": "N/A",
        "status": "N/A",
        "portfolio": "5",
        "aodDiagrams": "N/A",
        "skill": "N/A",
        "integration with backend systems": "N/A",
        "contactType": "N/A",
        "shortName": "CSR",
        "keyNFRs": "N/A"
    },
    {
        "softwares": "N/A",
        "informationAspect": "N/A",
        "remarks": "N/A",
        "applicationType": "N/A",
        "type": "N/A",
        "businessOwners": "N/A",
        "id": "41",
        "keyArchDecisions": "N/A",
        "keyBPSupported": "N/A",
        "description": "N/A",
        "servers": "N/A",
        "name": "OMSP",
        "interfaces": "N/A",
        "platformSupported": "N/A",
        "technologyStack": "N/A",
        "availability": "N/A",
        "technicalContacts": "N/A",
        "status": "N/A",
        "portfolio": "11",
        "aodDiagrams": "N/A",
        "skill": "N/A",
        "integration with backend systems": "N/A",
        "contactType": "N/A",
        "shortName": "OMSP",
        "keyNFRs": "N/A"
    },
    {
        "softwares": "N/A",
        "informationAspect": "N/A",
        "remarks": "N/A",
        "applicationType": "N/A",
        "type": "N/A",
        "businessOwners": "N/A",
        "id": "42",
        "keyArchDecisions": "N/A",
        "keyBPSupported": "N/A",
        "description": "N/A",
        "servers": "N/A",
        "name": "Global Management Reporting Database",
        "interfaces": "N/A",
        "platformSupported": "N/A",
        "technologyStack": "N/A",
        "availability": "N/A",
        "technicalContacts": "N/A",
        "status": "N/A",
        "portfolio": "12",
        "aodDiagrams": "N/A",
        "skill": "N/A",
        "integration with backend systems": "N/A",
        "contactType": "N/A",
        "shortName": "GMRB",
        "keyNFRs": "N/A"
    },
    {
        "softwares": "N/A",
        "informationAspect": "N/A",
        "remarks": "N/A",
        "applicationType": "N/A",
        "type": "N/A",
        "businessOwners": "N/A",
        "id": "43",
        "keyArchDecisions": "N/A",
        "keyBPSupported": "N/A",
        "description": "N/A",
        "servers": "N/A",
        "name": "DGD - Data Repository",
        "interfaces": "N/A",
        "platformSupported": "N/A",
        "technologyStack": "N/A",
        "availability": "N/A",
        "technicalContacts": "N/A",
        "status": "N/A",
        "portfolio": "12",
        "aodDiagrams": "N/A",
        "skill": "N/A",
        "integration with backend systems": "N/A",
        "contactType": "N/A",
        "shortName": "DGD",
        "keyNFRs": "N/A"
    },
    {
        "softwares": "N/A",
        "informationAspect": "N/A",
        "remarks": "N/A",
        "applicationType": "N/A",
        "type": "N/A",
        "businessOwners": "N/A",
        "id": "44",
        "keyArchDecisions": "N/A",
        "keyBPSupported": "N/A",
        "description": "N/A",
        "servers": "N/A",
        "name": "DIM - Data Repository",
        "interfaces": "N/A",
        "platformSupported": "N/A",
        "technologyStack": "N/A",
        "availability": "N/A",
        "technicalContacts": "N/A",
        "status": "N/A",
        "portfolio": "5",
        "aodDiagrams": "N/A",
        "skill": "N/A",
        "integration with backend systems": "N/A",
        "contactType": "N/A",
        "shortName": "DIM",
        "keyNFRs": "N/A"
    },
    {
        "softwares": "N/A",
        "informationAspect": "N/A",
        "remarks": "N/A",
        "applicationType": "N/A",
        "type": "N/A",
        "businessOwners": "N/A",
        "id": "45",
        "keyArchDecisions": "N/A",
        "keyBPSupported": "N/A",
        "description": "N/A",
        "servers": "N/A",
        "name": "BLEND CONCEPT",
        "interfaces": "N/A",
        "platformSupported": "N/A",
        "technologyStack": "N/A",
        "availability": "N/A",
        "technicalContacts": "N/A",
        "status": "N/A",
        "portfolio": "4",
        "aodDiagrams": "N/A",
        "skill": "N/A",
        "integration with backend systems": "N/A",
        "contactType": "N/A",
        "shortName": "BLEND CONCEPT",
        "keyNFRs": "N/A"
    },
    {
        "softwares": "N/A",
        "informationAspect": "N/A",
        "remarks": "N/A",
        "applicationType": "N/A",
        "type": "N/A",
        "businessOwners": "N/A",
        "id": "46",
        "keyArchDecisions": "N/A",
        "keyBPSupported": "N/A",
        "description": "N/A",
        "servers": "N/A",
        "name": "Global Shared Planning and Reporting",
        "interfaces": "N/A",
        "platformSupported": "N/A",
        "technologyStack": "N/A",
        "availability": "N/A",
        "technicalContacts": "N/A",
        "status": "N/A",
        "portfolio": "12",
        "aodDiagrams": "N/A",
        "skill": "N/A",
        "integration with backend systems": "N/A",
        "contactType": "N/A",
        "shortName": "GSPR",
        "keyNFRs": "N/A"
    },
    {
        "softwares": "N/A",
        "informationAspect": "N/A",
        "remarks": "N/A",
        "applicationType": "N/A",
        "type": "N/A",
        "businessOwners": "N/A",
        "id": "47",
        "keyArchDecisions": "N/A",
        "keyBPSupported": "N/A",
        "description": "N/A",
        "servers": "N/A",
        "name": "Out Sourced Stemmery",
        "interfaces": "N/A",
        "platformSupported": "N/A",
        "technologyStack": "N/A",
        "availability": "N/A",
        "technicalContacts": "N/A",
        "status": "N/A",
        "portfolio": "6",
        "aodDiagrams": "N/A",
        "skill": "N/A",
        "integration with backend systems": "N/A",
        "contactType": "N/A",
        "shortName": "OSS",
        "keyNFRs": "N/A"
    },
    {
        "softwares": "N/A",
        "informationAspect": "N/A",
        "remarks": "N/A",
        "applicationType": "N/A",
        "type": "N/A",
        "businessOwners": "N/A",
        "id": "48",
        "keyArchDecisions": "N/A",
        "keyBPSupported": "N/A",
        "description": "N/A",
        "servers": "N/A",
        "name": "GXS",
        "interfaces": "N/A",
        "platformSupported": "N/A",
        "technologyStack": "N/A",
        "availability": "N/A",
        "technicalContacts": "N/A",
        "status": "N/A",
        "portfolio": "3",
        "aodDiagrams": "N/A",
        "skill": "N/A",
        "integration with backend systems": "N/A",
        "contactType": "N/A",
        "shortName": "GXS",
        "keyNFRs": "N/A"
    },
    {
        "softwares": "N/A",
        "informationAspect": "N/A",
        "remarks": "N/A",
        "applicationType": "N/A",
        "type": "N/A",
        "businessOwners": "N/A",
        "id": "49",
        "keyArchDecisions": "N/A",
        "keyBPSupported": "N/A",
        "description": "N/A",
        "servers": "N/A",
        "name": "Logistics Control Tower",
        "interfaces": "N/A",
        "platformSupported": "N/A",
        "technologyStack": "N/A",
        "availability": "N/A",
        "technicalContacts": "N/A",
        "status": "N/A",
        "portfolio": "13",
        "aodDiagrams": "N/A",
        "skill": "N/A",
        "integration with backend systems": "N/A",
        "contactType": "N/A",
        "shortName": "LCT",
        "keyNFRs": "N/A"
    },
    {
        "softwares": "N/A",
        "informationAspect": "N/A",
        "remarks": "N/A",
        "applicationType": "N/A",
        "type": "N/A",
        "businessOwners": "N/A",
        "id": "50",
        "keyArchDecisions": "N/A",
        "keyBPSupported": "N/A",
        "description": "N/A",
        "servers": "N/A",
        "name": "Logistic Service Provider Systems",
        "interfaces": "N/A",
        "platformSupported": "N/A",
        "technologyStack": "N/A",
        "availability": "N/A",
        "technicalContacts": "N/A",
        "status": "N/A",
        "portfolio": "13",
        "aodDiagrams": "N/A",
        "skill": "N/A",
        "integration with backend systems": "N/A",
        "contactType": "N/A",
        "shortName": "LSP ",
        "keyNFRs": "N/A"
    },
    {
        "softwares": "N/A",
        "informationAspect": "N/A",
        "remarks": "N/A",
        "applicationType": "N/A",
        "type": "N/A",
        "businessOwners": "N/A",
        "id": "51",
        "keyArchDecisions": "N/A",
        "keyBPSupported": "N/A",
        "description": "N/A",
        "servers": "N/A",
        "name": "E Requisition SAP",
        "interfaces": "N/A",
        "platformSupported": "N/A",
        "technologyStack": "N/A",
        "availability": "N/A",
        "technicalContacts": "N/A",
        "status": "N/A",
        "portfolio": "6",
        "aodDiagrams": "N/A",
        "skill": "N/A",
        "integration with backend systems": "N/A",
        "contactType": "N/A",
        "shortName": "SRM(HSP)",
        "keyNFRs": "N/A"
    },
    {
        "softwares": "N/A",
        "informationAspect": "N/A",
        "remarks": "N/A",
        "applicationType": "N/A",
        "type": "N/A",
        "businessOwners": "N/A",
        "id": "52",
        "keyArchDecisions": "N/A",
        "keyBPSupported": "N/A",
        "description": "N/A",
        "servers": "N/A",
        "name": "Warehouse Management System",
        "interfaces": "N/A",
        "platformSupported": "N/A",
        "technologyStack": "N/A",
        "availability": "N/A",
        "technicalContacts": "N/A",
        "status": "N/A",
        "portfolio": "9",
        "aodDiagrams": "N/A",
        "skill": "N/A",
        "integration with backend systems": "N/A",
        "contactType": "N/A",
        "shortName": "WMS",
        "keyNFRs": "N/A"
    },
    {
        "softwares": "N/A",
        "informationAspect": "N/A",
        "remarks": "N/A",
        "applicationType": "N/A",
        "type": "N/A",
        "businessOwners": "N/A",
        "id": "53",
        "keyArchDecisions": "N/A",
        "keyBPSupported": "N/A",
        "description": "N/A",
        "servers": "N/A",
        "name": "RDLIMS",
        "interfaces": "N/A",
        "platformSupported": "N/A",
        "technologyStack": "N/A",
        "availability": "N/A",
        "technicalContacts": "N/A",
        "status": "N/A",
        "portfolio": "2",
        "aodDiagrams": "N/A",
        "skill": "N/A",
        "integration with backend systems": "N/A",
        "contactType": "N/A",
        "shortName": "RDLIMS",
        "keyNFRs": "N/A"
    },
    {
        "softwares": "N/A",
        "informationAspect": "N/A",
        "remarks": "N/A",
        "applicationType": "N/A",
        "type": "N/A",
        "businessOwners": "N/A",
        "id": "54",
        "keyArchDecisions": "N/A",
        "keyBPSupported": "N/A",
        "description": "N/A",
        "servers": "N/A",
        "name": "Quality Management System",
        "interfaces": "N/A",
        "platformSupported": "N/A",
        "technologyStack": "N/A",
        "availability": "N/A",
        "technicalContacts": "N/A",
        "status": "N/A",
        "portfolio": "5",
        "aodDiagrams": "N/A",
        "skill": "N/A",
        "integration with backend systems": "N/A",
        "contactType": "N/A",
        "shortName": "QAMI",
        "keyNFRs": "N/A"
    },
    {
        "softwares": "N/A",
        "informationAspect": "N/A",
        "remarks": "N/A",
        "applicationType": "N/A",
        "type": "N/A",
        "businessOwners": "N/A",
        "id": "55",
        "keyArchDecisions": "N/A",
        "keyBPSupported": "N/A",
        "description": "N/A",
        "servers": "N/A",
        "name": "Palletizer",
        "interfaces": "N/A",
        "platformSupported": "N/A",
        "technologyStack": "N/A",
        "availability": "N/A",
        "technicalContacts": "N/A",
        "status": "N/A",
        "portfolio": "1",
        "aodDiagrams": "N/A",
        "skill": "N/A",
        "integration with backend systems": "N/A",
        "contactType": "N/A",
        "shortName": "Palletizer",
        "keyNFRs": "N/A"
    },
    {
        "softwares": "N/A",
        "informationAspect": "N/A",
        "remarks": "N/A",
        "applicationType": "N/A",
        "type": "N/A",
        "businessOwners": "N/A",
        "id": "56",
        "keyArchDecisions": "N/A",
        "keyBPSupported": "N/A",
        "description": "N/A",
        "servers": "N/A",
        "name": "Codentify",
        "interfaces": "N/A",
        "platformSupported": "N/A",
        "technologyStack": "N/A",
        "availability": "N/A",
        "technicalContacts": "N/A",
        "status": "N/A",
        "portfolio": "6",
        "aodDiagrams": "N/A",
        "skill": "N/A",
        "integration with backend systems": "N/A",
        "contactType": "N/A",
        "shortName": "Codentify",
        "keyNFRs": "N/A"
    },
    {
        "softwares": "N/A",
        "informationAspect": "N/A",
        "remarks": "N/A",
        "applicationType": "N/A",
        "type": "N/A",
        "businessOwners": "N/A",
        "id": "57",
        "keyArchDecisions": "N/A",
        "keyBPSupported": "N/A",
        "description": "N/A",
        "servers": "N/A",
        "name": "Back Office Reporting Application",
        "interfaces": "N/A",
        "platformSupported": "N/A",
        "technologyStack": "N/A",
        "availability": "N/A",
        "technicalContacts": "N/A",
        "status": "N/A",
        "portfolio": "3",
        "aodDiagrams": "N/A",
        "skill": "N/A",
        "integration with backend systems": "N/A",
        "contactType": "N/A",
        "shortName": "BORA",
        "keyNFRs": "N/A"
    },
    {
        "softwares": "N/A",
        "informationAspect": "N/A",
        "remarks": "N/A",
        "applicationType": "N/A",
        "type": "N/A",
        "businessOwners": "N/A",
        "id": "58",
        "keyArchDecisions": "N/A",
        "keyBPSupported": "N/A",
        "description": "N/A",
        "servers": "N/A",
        "name": "Territory Aggregator ",
        "interfaces": "N/A",
        "platformSupported": "N/A",
        "technologyStack": "N/A",
        "availability": "N/A",
        "technicalContacts": "N/A",
        "status": "N/A",
        "portfolio": "3",
        "aodDiagrams": "N/A",
        "skill": "N/A",
        "integration with backend systems": "N/A",
        "contactType": "N/A",
        "shortName": "TA ",
        "keyNFRs": "N/A"
    },
    {
        "softwares": "N/A",
        "informationAspect": "N/A",
        "remarks": "N/A",
        "applicationType": "N/A",
        "type": "N/A",
        "businessOwners": "N/A",
        "id": "59",
        "keyArchDecisions": "N/A",
        "keyBPSupported": "N/A",
        "description": "N/A",
        "servers": "N/A",
        "name": "Field Planning Tool",
        "interfaces": "N/A",
        "platformSupported": "N/A",
        "technologyStack": "N/A",
        "availability": "N/A",
        "technicalContacts": "N/A",
        "status": "N/A",
        "portfolio": "3",
        "aodDiagrams": "N/A",
        "skill": "N/A",
        "integration with backend systems": "N/A",
        "contactType": "N/A",
        "shortName": "FPT",
        "keyNFRs": "N/A"
    },
    {
        "softwares": "N/A",
        "informationAspect": "N/A",
        "remarks": "N/A",
        "applicationType": "N/A",
        "type": "N/A",
        "businessOwners": "N/A",
        "id": "60",
        "keyArchDecisions": "N/A",
        "keyBPSupported": "N/A",
        "description": "N/A",
        "servers": "N/A",
        "name": "Feedback Tool",
        "interfaces": "N/A",
        "platformSupported": "N/A",
        "technologyStack": "N/A",
        "availability": "N/A",
        "technicalContacts": "N/A",
        "status": "N/A",
        "portfolio": "3",
        "aodDiagrams": "N/A",
        "skill": "N/A",
        "integration with backend systems": "N/A",
        "contactType": "N/A",
        "shortName": "FBT",
        "keyNFRs": "N/A"
    },
    {
        "softwares": "N/A",
        "informationAspect": "N/A",
        "remarks": "N/A",
        "applicationType": "N/A",
        "type": "N/A",
        "businessOwners": "N/A",
        "id": "61",
        "keyArchDecisions": "N/A",
        "keyBPSupported": "N/A",
        "description": "N/A",
        "servers": "N/A",
        "name": "Product Compliance ",
        "interfaces": "N/A",
        "platformSupported": "N/A",
        "technologyStack": "N/A",
        "availability": "N/A",
        "technicalContacts": "N/A",
        "status": "N/A",
        "portfolio": "5",
        "aodDiagrams": "N/A",
        "skill": "N/A",
        "integration with backend systems": "N/A",
        "contactType": "N/A",
        "shortName": "PCO",
        "keyNFRs": "N/A"
    },
    {
        "softwares": "N/A",
        "informationAspect": "N/A",
        "remarks": "N/A",
        "applicationType": "N/A",
        "type": "N/A",
        "businessOwners": "N/A",
        "id": "62",
        "keyArchDecisions": "N/A",
        "keyBPSupported": "N/A",
        "description": "N/A",
        "servers": "N/A",
        "name": "Global Delivery tracking system",
        "interfaces": "N/A",
        "platformSupported": "N/A",
        "technologyStack": "N/A",
        "availability": "N/A",
        "technicalContacts": "N/A",
        "status": "N/A",
        "portfolio": "13",
        "aodDiagrams": "N/A",
        "skill": "N/A",
        "integration with backend systems": "N/A",
        "contactType": "N/A",
        "shortName": "L-Track",
        "keyNFRs": "N/A"
    },
    {
        "softwares": "N/A",
        "informationAspect": "N/A",
        "remarks": "N/A",
        "applicationType": "N/A",
        "type": "N/A",
        "businessOwners": "N/A",
        "id": "63",
        "keyArchDecisions": "N/A",
        "keyBPSupported": "N/A",
        "description": "N/A",
        "servers": "N/A",
        "name": "SAP Program One Systems (WE, EE, AP & LA)",
        "interfaces": "N/A",
        "platformSupported": "N/A",
        "technologyStack": "N/A",
        "availability": "N/A",
        "technicalContacts": "N/A",
        "status": "N/A",
        "portfolio": "14",
        "aodDiagrams": "N/A",
        "skill": "N/A",
        "integration with backend systems": "N/A",
        "contactType": "N/A",
        "shortName": "SAP P1",
        "keyNFRs": "N/A"
    },
    {
        "softwares": "N/A",
        "informationAspect": "N/A",
        "remarks": "N/A",
        "applicationType": "N/A",
        "type": "N/A",
        "businessOwners": "N/A",
        "id": "64",
        "keyArchDecisions": "N/A",
        "keyBPSupported": "N/A",
        "description": "N/A",
        "servers": "N/A",
        "name": "Arinso Payroll System",
        "interfaces": "N/A",
        "platformSupported": "N/A",
        "technologyStack": "N/A",
        "availability": "N/A",
        "technicalContacts": "N/A",
        "status": "N/A",
        "portfolio": "15",
        "aodDiagrams": "N/A",
        "skill": "N/A",
        "integration with backend systems": "N/A",
        "contactType": "N/A",
        "shortName": "ARINSO",
        "keyNFRs": "N/A"
    },
    {
        "softwares": "N/A",
        "informationAspect": "N/A",
        "remarks": "N/A",
        "applicationType": "N/A",
        "type": "N/A",
        "businessOwners": "N/A",
        "id": "65",
        "keyArchDecisions": "N/A",
        "keyBPSupported": "N/A",
        "description": "N/A",
        "servers": "N/A",
        "name": "LSP for RRP E-Commerce ",
        "interfaces": "N/A",
        "platformSupported": "N/A",
        "technologyStack": "N/A",
        "availability": "N/A",
        "technicalContacts": "N/A",
        "status": "N/A",
        "portfolio": "16",
        "aodDiagrams": "N/A",
        "skill": "N/A",
        "integration with backend systems": "N/A",
        "contactType": "N/A",
        "shortName": "Arvarto (RRP LSP)",
        "keyNFRs": "N/A"
    },
    {
        "softwares": "N/A",
        "informationAspect": "N/A",
        "remarks": "N/A",
        "applicationType": "N/A",
        "type": "N/A",
        "businessOwners": "N/A",
        "id": "66",
        "keyArchDecisions": "N/A",
        "keyBPSupported": "N/A",
        "description": "N/A",
        "servers": "N/A",
        "name": "Local & Global BW systems",
        "interfaces": "N/A",
        "platformSupported": "N/A",
        "technologyStack": "N/A",
        "availability": "N/A",
        "technicalContacts": "N/A",
        "status": "N/A",
        "portfolio": "7",
        "aodDiagrams": "N/A",
        "skill": "N/A",
        "integration with backend systems": "N/A",
        "contactType": "N/A",
        "shortName": "BW systems",
        "keyNFRs": "N/A"
    },
    {
        "softwares": "N/A",
        "informationAspect": "N/A",
        "remarks": "N/A",
        "applicationType": "N/A",
        "type": "N/A",
        "businessOwners": "N/A",
        "id": "67",
        "keyArchDecisions": "N/A",
        "keyBPSupported": "N/A",
        "description": "N/A",
        "servers": "N/A",
        "name": "Global T&E system",
        "interfaces": "N/A",
        "platformSupported": "N/A",
        "technologyStack": "N/A",
        "availability": "N/A",
        "technicalContacts": "N/A",
        "status": "N/A",
        "portfolio": "16",
        "aodDiagrams": "N/A",
        "skill": "N/A",
        "integration with backend systems": "N/A",
        "contactType": "N/A",
        "shortName": "Concur",
        "keyNFRs": "N/A"
    },
    {
        "softwares": "N/A",
        "informationAspect": "N/A",
        "remarks": "N/A",
        "applicationType": "N/A",
        "type": "N/A",
        "businessOwners": "N/A",
        "id": "68",
        "keyArchDecisions": "N/A",
        "keyBPSupported": "N/A",
        "description": "N/A",
        "servers": "N/A",
        "name": "Global Supplier Management System",
        "interfaces": "N/A",
        "platformSupported": "N/A",
        "technologyStack": "N/A",
        "availability": "N/A",
        "technicalContacts": "N/A",
        "status": "N/A",
        "portfolio": "6",
        "aodDiagrams": "N/A",
        "skill": "N/A",
        "integration with backend systems": "N/A",
        "contactType": "N/A",
        "shortName": "Coupa",
        "keyNFRs": "N/A"
    },
    {
        "softwares": "N/A",
        "informationAspect": "N/A",
        "remarks": "N/A",
        "applicationType": "N/A",
        "type": "N/A",
        "businessOwners": "N/A",
        "id": "69",
        "keyArchDecisions": "N/A",
        "keyBPSupported": "N/A",
        "description": "N/A",
        "servers": "N/A",
        "name": "Local E-banking systems",
        "interfaces": "N/A",
        "platformSupported": "N/A",
        "technologyStack": "N/A",
        "availability": "N/A",
        "technicalContacts": "N/A",
        "status": "N/A",
        "portfolio": "16",
        "aodDiagrams": "N/A",
        "skill": "N/A",
        "integration with backend systems": "N/A",
        "contactType": "N/A",
        "shortName": "E-Banking",
        "keyNFRs": "N/A"
    },
    {
        "softwares": "N/A",
        "informationAspect": "N/A",
        "remarks": "N/A",
        "applicationType": "N/A",
        "type": "N/A",
        "businessOwners": "N/A",
        "id": "70",
        "keyArchDecisions": "N/A",
        "keyBPSupported": "N/A",
        "description": "N/A",
        "servers": "N/A",
        "name": "Austria E-ordering System",
        "interfaces": "N/A",
        "platformSupported": "N/A",
        "technologyStack": "N/A",
        "availability": "N/A",
        "technicalContacts": "N/A",
        "status": "N/A",
        "portfolio": "3",
        "aodDiagrams": "N/A",
        "skill": "N/A",
        "integration with backend systems": "N/A",
        "contactType": "N/A",
        "shortName": "EDOS",
        "keyNFRs": "N/A"
    },
    {
        "softwares": "N/A",
        "informationAspect": "N/A",
        "remarks": "N/A",
        "applicationType": "N/A",
        "type": "N/A",
        "businessOwners": "N/A",
        "id": "71",
        "keyArchDecisions": "N/A",
        "keyBPSupported": "N/A",
        "description": "N/A",
        "servers": "N/A",
        "name": "E-Invoice Turkey",
        "interfaces": "N/A",
        "platformSupported": "N/A",
        "technologyStack": "N/A",
        "availability": "N/A",
        "technicalContacts": "N/A",
        "status": "N/A",
        "portfolio": "3",
        "aodDiagrams": "N/A",
        "skill": "N/A",
        "integration with backend systems": "N/A",
        "contactType": "N/A",
        "shortName": "E-Invoice Turkey",
        "keyNFRs": "N/A"
    },
    {
        "softwares": "N/A",
        "informationAspect": "N/A",
        "remarks": "N/A",
        "applicationType": "N/A",
        "type": "N/A",
        "businessOwners": "N/A",
        "id": "72",
        "keyArchDecisions": "N/A",
        "keyBPSupported": "N/A",
        "description": "N/A",
        "servers": "N/A",
        "name": "Global SAP HR System",
        "interfaces": "N/A",
        "platformSupported": "N/A",
        "technologyStack": "N/A",
        "availability": "N/A",
        "technicalContacts": "N/A",
        "status": "N/A",
        "portfolio": "15",
        "aodDiagrams": "N/A",
        "skill": "N/A",
        "integration with backend systems": "N/A",
        "contactType": "N/A",
        "shortName": "SAP HR2U",
        "keyNFRs": "N/A"
    },
    {
        "softwares": "N/A",
        "informationAspect": "N/A",
        "remarks": "N/A",
        "applicationType": "N/A",
        "type": "N/A",
        "businessOwners": "N/A",
        "id": "73",
        "keyArchDecisions": "N/A",
        "keyBPSupported": "N/A",
        "description": "N/A",
        "servers": "N/A",
        "name": "Identity Management Data Layer SAP",
        "interfaces": "N/A",
        "platformSupported": "N/A",
        "technologyStack": "N/A",
        "availability": "N/A",
        "technicalContacts": "N/A",
        "status": "N/A",
        "portfolio": "10",
        "aodDiagrams": "N/A",
        "skill": "N/A",
        "integration with backend systems": "N/A",
        "contactType": "N/A",
        "shortName": "IMDL",
        "keyNFRs": "N/A"
    },
    {
        "softwares": "N/A",
        "informationAspect": "N/A",
        "remarks": "N/A",
        "applicationType": "N/A",
        "type": "N/A",
        "businessOwners": "N/A",
        "id": "74",
        "keyArchDecisions": "N/A",
        "keyBPSupported": "N/A",
        "description": "N/A",
        "servers": "N/A",
        "name": "Logistic Planning system RRP product cloud",
        "interfaces": "N/A",
        "platformSupported": "N/A",
        "technologyStack": "N/A",
        "availability": "N/A",
        "technicalContacts": "N/A",
        "status": "N/A",
        "portfolio": "13",
        "aodDiagrams": "N/A",
        "skill": "N/A",
        "integration with backend systems": "N/A",
        "contactType": "N/A",
        "shortName": "RTVN",
        "keyNFRs": "N/A"
    },
    {
        "softwares": "N/A",
        "informationAspect": "N/A",
        "remarks": "N/A",
        "applicationType": "N/A",
        "type": "N/A",
        "businessOwners": "N/A",
        "id": "75",
        "keyArchDecisions": "N/A",
        "keyBPSupported": "N/A",
        "description": "N/A",
        "servers": "N/A",
        "name": "E- Invoicing system ",
        "interfaces": "N/A",
        "platformSupported": "N/A",
        "technologyStack": "N/A",
        "availability": "N/A",
        "technicalContacts": "N/A",
        "status": "N/A",
        "portfolio": "16",
        "aodDiagrams": "N/A",
        "skill": "N/A",
        "integration with backend systems": "N/A",
        "contactType": "N/A",
        "shortName": "Serengeti",
        "keyNFRs": "N/A"
    },
    {
        "softwares": "N/A",
        "informationAspect": "N/A",
        "remarks": "N/A",
        "applicationType": "N/A",
        "type": "N/A",
        "businessOwners": "N/A",
        "id": "76",
        "keyArchDecisions": "N/A",
        "keyBPSupported": "N/A",
        "description": "N/A",
        "servers": "N/A",
        "name": "Shared Master Data Layer SAP",
        "interfaces": "N/A",
        "platformSupported": "N/A",
        "technologyStack": "N/A",
        "availability": "N/A",
        "technicalContacts": "N/A",
        "status": "N/A",
        "portfolio": "17",
        "aodDiagrams": "N/A",
        "skill": "N/A",
        "integration with backend systems": "N/A",
        "contactType": "N/A",
        "shortName": "SMDL",
        "keyNFRs": "N/A"
    },
    {
        "softwares": "N/A",
        "informationAspect": "N/A",
        "remarks": "N/A",
        "applicationType": "N/A",
        "type": "N/A",
        "businessOwners": "N/A",
        "id": "77",
        "keyArchDecisions": "N/A",
        "keyBPSupported": "N/A",
        "description": "N/A",
        "servers": "N/A",
        "name": "Reporting & Data Warehousing System ",
        "interfaces": "N/A",
        "platformSupported": "N/A",
        "technologyStack": "N/A",
        "availability": "N/A",
        "technicalContacts": "N/A",
        "status": "N/A",
        "portfolio": "7",
        "aodDiagrams": "N/A",
        "skill": "N/A",
        "integration with backend systems": "N/A",
        "contactType": "N/A",
        "shortName": "SAP BW",
        "keyNFRs": "N/A"
    },
    {
        "softwares": "N/A",
        "informationAspect": "N/A",
        "remarks": "N/A",
        "applicationType": "N/A",
        "type": "N/A",
        "businessOwners": "N/A",
        "id": "78",
        "keyArchDecisions": "N/A",
        "keyBPSupported": "N/A",
        "description": "N/A",
        "servers": "N/A",
        "name": "APO (Planning) System SAP",
        "interfaces": "N/A",
        "platformSupported": "N/A",
        "technologyStack": "N/A",
        "availability": "N/A",
        "technicalContacts": "N/A",
        "status": "N/A",
        "portfolio": "14",
        "aodDiagrams": "N/A",
        "skill": "N/A",
        "integration with backend systems": "N/A",
        "contactType": "N/A",
        "shortName": "SCIPIO",
        "keyNFRs": "N/A"
    },
    {
        "softwares": "N/A",
        "informationAspect": "N/A",
        "remarks": "N/A",
        "applicationType": "N/A",
        "type": "N/A",
        "businessOwners": "N/A",
        "id": "79",
        "keyArchDecisions": "N/A",
        "keyBPSupported": "N/A",
        "description": "N/A",
        "servers": "N/A",
        "name": "Global Standard Variance & Costs",
        "interfaces": "N/A",
        "platformSupported": "N/A",
        "technologyStack": "BPC on HANA",
        "availability": "N/A",
        "technicalContacts": "N/A",
        "status": "N/A",
        "portfolio": "16",
        "aodDiagrams": "N/A",
        "skill": "N/A",
        "integration with backend systems": "N/A",
        "contactType": "N/A",
        "shortName": "GSVC",
        "keyNFRs": "N/A"
    },
    {
        "softwares": "N/A",
        "informationAspect": "N/A",
        "remarks": "N/A",
        "applicationType": "N/A",
        "type": "N/A",
        "businessOwners": "N/A",
        "id": "80",
        "keyArchDecisions": "N/A",
        "keyBPSupported": "N/A",
        "description": "N/A",
        "servers": "N/A",
        "name": "Exchange Rate",
        "interfaces": "N/A",
        "platformSupported": "N/A",
        "technologyStack": "N/A",
        "availability": "N/A",
        "technicalContacts": "N/A",
        "status": "N/A",
        "portfolio": "16",
        "aodDiagrams": "N/A",
        "skill": "N/A",
        "integration with backend systems": "N/A",
        "contactType": "N/A",
        "shortName": "Exchange Rate",
        "keyNFRs": "N/A"
    }
]}